Serial No.,GRE Score,TOEFL Score,University Rating,SOP,LOR,CGPA,Research,Chance of Admit
1,322,113,4,2.7,2.5,8.32,0,0.62
2,313,120,1,3.7,4.3,7.79,0,0.61
3,325,92,3,3.7,4.1,7.6,1,0.64
4,338,110,5,3.4,3.8,9.41,0,0.68
5,311,99,3,3.9,3.2,6.78,1,0.59
6,311,101,3,4.3,4.0,8.45,0,0.59
7,339,100,1,3.5,4.4,9.0,1,0.63
8,327,97,1,2.7,4.0,6.0,1,0.53
9,308,105,1,2.2,3.0,8.66,0,0.59
10,323,98,2,3.5,3.7,7.95,0,0.61
11,308,107,4,3.7,4.4,8.28,0,0.58
12,308,105,2,2.7,5.0,7.87,1,0.65
13,319,103,4,4.1,3.3,8.85,0,0.66
14,286,97,4,3.1,4.2,8.35,1,0.62
15,289,100,3,2.2,4.4,8.19,0,0.59
16,307,112,3,4.5,2.9,7.47,1,0.63
17,300,110,4,4.4,4.9,9.42,0,0.66
18,320,96,4,1.9,2.6,8.11,0,0.63
19,301,106,2,3.0,4.1,9.7,0,0.63
20,294,112,2,3.0,3.7,9.45,1,0.68
21,337,90,3,4.8,3.5,6.86,1,0.62
22,312,110,1,3.4,5.0,7.64,0,0.61
23,316,99,4,2.3,3.3,7.37,1,0.62
24,294,110,2,4.2,3.2,8.07,0,0.59
25,307,98,3,2.5,4.6,8.23,1,0.58
26,317,89,2,3.3,4.1,8.26,1,0.62
27,298,90,4,2.9,4.5,8.84,0,0.62
28,321,105,4,3.1,3.6,9.15,0,0.63
29,306,107,5,4.2,3.8,8.78,0,0.66
30,311,97,1,4.7,5.0,7.71,0,0.6
31,306,111,5,2.5,2.8,7.55,1,0.61
32,340,90,3,4.0,3.4,8.1,0,0.61
33,315,104,2,2.9,4.1,8.4,1,0.64
34,299,94,3,2.9,3.3,7.97,0,0.6
35,327,99,4,3.9,3.0,7.16,0,0.61
36,297,105,5,2.7,4.0,8.58,1,0.61
37,318,97,5,3.9,4.6,7.83,0,0.65
38,286,102,5,4.1,3.4,7.8,0,0.64
39,295,114,3,3.2,3.4,8.06,1,0.63
40,318,100,4,4.6,3.0,7.93,0,0.59
41,326,113,2,2.5,3.3,7.84,1,0.59
42,318,95,2,4.6,4.4,7.2,1,0.58
43,313,110,3,1.9,3.6,8.02,1,0.6
44,310,118,5,5.0,2.9,8.59,1,0.63
45,293,83,1,3.2,3.7,8.29,0,0.59
46,304,98,3,2.6,4.3,8.76,0,0.62
47,308,110,3,3.3,3.1,7.59,0,0.6
48,331,103,4,2.7,2.4,7.21,0,0.59
49,320,108,2,3.8,5.0,7.93,1,0.62
50,289,100,3,4.6,2.4,7.67,1,0.6
51,320,106,3,2.7,3.2,7.74,1,0.56
52,309,104,5,4.0,3.7,8.25,1,0.62
53,305,116,5,2.3,3.3,7.75,0,0.61
54,324,107,1,4.3,3.4,7.22,1,0.61
55,330,108,4,3.8,4.0,7.71,1,0.6
56,329,101,1,4.4,1.6,8.34,1,0.59
57,302,101,5,3.4,2.5,8.57,0,0.63
58,310,101,2,3.2,3.5,8.56,0,0.56
59,320,109,5,4.2,3.2,8.4,0,0.66
60,330,101,4,2.5,3.6,7.98,0,0.62
61,308,108,5,2.1,3.7,8.38,0,0.66
62,312,120,4,3.5,1.8,8.07,0,0.59
63,298,113,4,3.2,4.5,8.18,1,0.61
64,297,102,4,3.9,3.1,7.44,0,0.52
65,327,116,4,4.4,2.8,8.13,0,0.61
66,335,101,4,3.9,3.7,8.37,0,0.62
67,314,87,2,4.3,3.6,8.34,0,0.56
68,330,96,1,3.8,4.5,7.2,1,0.58
69,320,88,3,3.9,3.7,8.17,0,0.56
70,305,102,1,3.4,4.4,7.09,0,0.56
71,320,105,4,3.9,2.7,8.22,1,0.65
72,338,120,2,3.6,3.6,7.61,0,0.61
73,314,108,5,3.8,2.6,9.29,1,0.68
74,338,103,2,3.4,3.6,8.18,0,0.64
75,276,112,4,4.1,3.4,8.66,0,0.65
76,327,85,2,2.9,3.4,9.58,1,0.62
77,316,107,2,3.5,3.4,7.53,0,0.57
78,311,112,4,4.5,4.1,8.4,1,0.64
79,316,92,2,2.7,2.2,7.27,0,0.52
80,285,115,3,1.8,2.8,8.34,1,0.61
81,312,108,3,3.8,3.5,9.34,0,0.63
82,320,101,2,3.3,2.6,7.66,1,0.63
83,337,111,5,4.3,3.5,7.48,0,0.64
84,307,120,4,3.4,3.5,8.04,1,0.65
85,303,107,3,3.0,2.4,9.53,0,0.61
86,307,107,5,3.4,2.3,8.64,0,0.65
87,329,101,2,4.4,1.4,7.47,0,0.62
88,320,97,5,4.0,2.5,9.12,0,0.63
89,307,112,1,1.6,3.5,6.94,0,0.53
90,323,97,3,3.6,3.6,9.6,1,0.62
91,316,106,2,3.7,3.7,8.7,1,0.66
92,330,101,4,3.5,2.9,9.33,1,0.71
93,304,109,2,3.0,3.5,6.95,0,0.54
94,310,108,4,4.5,3.8,8.22,0,0.59
95,309,114,2,4.5,2.5,8.01,1,0.63
96,293,100,5,1.7,3.6,7.4,0,0.56
97,319,103,5,2.9,4.0,7.19,0,0.62
98,319,96,5,3.4,3.1,8.45,0,0.63
99,315,101,1,4.3,4.3,8.52,1,0.62
100,311,108,4,3.5,3.1,9.01,1,0.65
101,294,112,5,3.0,2.8,7.75,0,0.61
102,309,97,1,4.1,3.9,8.0,0,0.59
103,310,113,4,3.3,5.0,7.13,1,0.56
104,303,117,2,3.4,3.6,9.18,0,0.63
105,313,109,1,3.5,4.0,8.15,0,0.64
106,321,120,3,4.0,3.1,8.61,0,0.59
107,340,98,1,3.3,2.5,8.63,0,0.6
108,318,94,1,4.0,3.6,9.12,1,0.64
109,319,89,4,3.4,3.8,7.52,1,0.6
110,314,118,2,2.6,3.2,8.59,0,0.63
111,286,111,3,3.5,4.0,8.08,1,0.59
112,315,104,5,2.7,3.0,9.57,1,0.67
113,316,108,5,3.5,2.8,7.52,1,0.61
114,340,95,1,4.2,4.3,8.92,1,0.65
115,312,120,4,2.6,4.4,8.35,1,0.64
116,320,106,4,3.8,3.0,8.31,1,0.63
117,314,106,5,2.8,4.9,8.14,1,0.64
118,297,112,3,3.7,3.3,9.04,1,0.63
119,332,109,2,4.2,3.6,8.28,0,0.59
120,326,107,3,1.8,3.4,7.03,0,0.61
121,327,98,2,2.6,3.9,8.95,0,0.65
122,301,109,5,3.2,3.7,8.83,1,0.58
123,336,120,2,3.8,3.7,8.51,1,0.62
124,294,117,4,3.4,2.7,7.31,0,0.61
125,324,119,1,3.5,2.1,7.42,0,0.54
126,340,100,1,5.0,4.4,6.79,1,0.62
127,300,96,5,2.5,3.1,8.42,1,0.61
128,307,104,4,4.4,3.5,7.16,0,0.62
129,316,106,3,3.2,3.8,6.9,1,0.58
130,307,115,4,3.9,4.8,8.99,1,0.62
131,292,90,1,5.0,3.6,8.64,0,0.61
132,316,119,1,4.1,3.2,7.87,1,0.61
133,299,104,4,3.8,3.1,8.01,1,0.59
134,322,101,4,4.8,3.5,6.41,1,0.64
135,301,96,1,4.4,2.8,8.74,0,0.58
136,338,90,3,2.9,3.5,7.62,1,0.55
137,303,112,5,3.7,3.5,8.33,1,0.67
138,310,106,5,2.1,4.8,6.36,1,0.56
139,327,93,4,3.1,3.4,8.78,0,0.62
140,297,93,5,3.8,2.0,7.57,1,0.58
141,318,102,1,3.0,5.0,7.14,0,0.56
142,335,120,1,3.7,4.3,7.86,1,0.6
143,291,103,4,3.5,5.0,7.68,0,0.57
144,318,91,4,3.9,2.6,8.85,0,0.63
145,319,103,4,3.2,3.3,7.81,1,0.6
146,327,103,3,2.7,4.0,9.05,1,0.65
147,296,81,5,4.7,3.9,8.33,1,0.62
148,295,105,4,3.1,3.7,8.73,1,0.6
149,323,103,2,4.0,1.7,8.1,0,0.61
150,319,111,2,4.6,2.1,8.99,1,0.62
151,319,120,1,3.6,4.7,7.29,1,0.58
152,320,115,5,2.8,4.9,8.18,1,0.65
153,305,103,4,3.4,3.4,7.82,0,0.6
154,318,95,2,4.3,4.6,9.08,1,0.62
155,319,120,5,3.7,2.7,9.15,1,0.62
156,304,106,1,2.5,2.9,8.1,1,0.57
157,340,105,3,4.0,2.6,7.2,0,0.65
158,322,105,5,4.1,2.8,8.4,0,0.64
159,297,107,5,3.2,4.1,6.93,1,0.56
160,325,104,3,4.0,2.8,9.24,1,0.65
161,300,100,5,3.7,5.0,7.77,1,0.64
162,327,100,1,3.3,3.9,8.08,1,0.61
163,332,105,1,2.5,4.4,7.62,0,0.63
164,303,100,3,4.4,3.9,7.47,0,0.55
165,329,99,4,4.1,4.5,8.62,1,0.59
166,321,106,2,4.0,2.8,7.99,0,0.61
167,327,103,4,4.7,4.7,8.13,1,0.64
168,340,119,5,4.3,3.6,7.4,0,0.54
169,311,81,2,4.0,4.5,8.7,0,0.6
170,304,115,3,1.7,2.3,8.77,1,0.59
171,302,116,3,4.5,3.6,7.95,0,0.57
172,303,86,2,3.6,3.6,8.99,1,0.59
173,314,102,1,3.7,3.0,8.03,1,0.62
174,320,102,2,3.8,3.8,8.65,1,0.6
175,319,92,5,4.1,4.7,6.96,1,0.57
176,327,98,1,4.4,2.9,8.35,0,0.57
177,315,95,3,4.0,4.3,7.91,0,0.64
178,337,120,2,3.9,2.6,8.21,0,0.64
179,311,113,4,3.7,5.0,8.18,0,0.56
180,340,116,4,1.0,4.1,8.19,0,0.6
181,324,111,5,3.3,4.9,8.53,1,0.65
182,302,95,4,2.7,4.0,7.7,1,0.63
183,299,100,2,4.5,3.8,8.5,1,0.64
184,322,109,2,4.0,4.1,8.96,0,0.62
185,312,94,4,3.1,3.4,7.11,0,0.53
186,326,111,2,3.2,2.2,7.55,1,0.62
187,322,103,5,3.2,3.9,7.58,0,0.6
188,314,102,1,3.2,2.9,7.34,0,0.57
189,302,111,5,2.3,2.6,7.77,0,0.59
190,292,109,5,2.2,4.0,8.82,1,0.59
191,308,102,2,3.5,3.3,9.11,1,0.64
192,328,115,1,4.4,4.3,8.17,1,0.63
193,318,95,2,3.1,2.9,7.87,1,0.59
194,296,111,3,3.7,3.1,8.66,1,0.63
195,318,110,2,4.1,4.4,6.45,0,0.53
196,321,102,2,2.7,3.7,7.36,1,0.58
197,302,108,2,3.5,2.3,6.47,0,0.54
198,317,94,1,3.0,3.7,7.35,1,0.53
199,316,113,2,4.8,4.7,7.56,0,0.6
200,298,103,1,4.7,3.1,9.13,1,0.64
201,320,100,4,2.7,4.0,6.17,0,0.55
202,323,114,3,3.8,2.8,7.81,0,0.61
203,331,99,1,4.4,3.4,8.53,1,0.64
204,331,92,4,4.2,4.4,8.39,1,0.62
205,294,91,1,3.6,3.7,9.12,0,0.6
206,301,110,1,4.5,4.5,8.21,1,0.58
207,323,93,3,2.8,3.8,8.36,1,0.62
208,323,120,5,3.3,5.0,6.81,1,0.6
209,323,86,5,2.8,2.2,7.41,1,0.61
210,340,120,1,4.1,3.3,6.85,0,0.61
211,324,107,2,3.0,2.6,8.5,1,0.64
212,332,104,4,3.4,2.7,8.34,0,0.61
213,329,100,2,4.0,2.7,8.32,0,0.56
214,325,109,2,4.1,3.6,7.48,0,0.62
215,310,105,1,2.8,3.7,7.42,0,0.58
216,326,115,1,4.3,3.8,8.25,0,0.6
217,303,106,1,3.9,2.6,7.63,1,0.6
218,311,106,1,2.6,3.2,7.39,0,0.53
219,308,102,5,2.4,2.7,7.74,0,0.62
220,316,104,1,3.5,4.2,7.64,0,0.58
221,340,108,5,4.2,2.8,7.49,0,0.6
222,287,90,5,4.2,3.3,7.24,1,0.56
223,325,93,1,3.8,3.9,8.41,1,0.61
224,291,112,3,3.5,3.0,9.19,0,0.62
225,308,107,4,3.9,4.1,8.07,1,0.62
226,331,103,2,2.8,4.8,8.26,0,0.61
227,316,105,5,4.8,3.7,8.48,1,0.64
228,299,108,4,4.8,4.2,8.36,1,0.63
229,304,100,3,3.8,1.8,7.51,1,0.57
230,325,98,2,3.7,3.2,9.3,1,0.62
231,304,107,2,3.2,3.6,7.57,1,0.61
232,318,96,5,3.9,2.7,8.55,1,0.64
233,316,109,1,2.9,3.7,8.47,0,0.61
234,305,90,3,1.7,4.3,6.73,0,0.57
235,340,114,5,1.3,2.0,7.85,1,0.57
236,325,109,3,2.9,2.5,8.14,0,0.6
237,285,107,1,3.6,3.6,8.19,0,0.56
238,318,114,1,3.8,3.9,8.31,0,0.67
239,305,120,5,3.1,4.1,8.63,1,0.65
240,328,114,1,3.6,3.6,8.09,0,0.61
241,303,88,4,3.3,3.9,8.35,0,0.63
242,313,93,2,2.7,4.2,8.07,1,0.63
243,323,99,5,3.5,3.2,7.39,1,0.63
244,328,105,3,4.2,3.0,8.12,0,0.64
245,297,110,4,2.7,3.4,8.62,1,0.62
246,310,98,5,2.7,3.7,8.88,0,0.61
247,308,107,1,2.6,3.0,8.48,1,0.58
248,305,98,1,2.0,3.2,9.03,0,0.62
249,340,99,1,3.1,3.8,8.39,0,0.61
250,321,92,1,4.1,3.6,8.7,1,0.61
251,296,97,3,3.6,3.4,8.76,1,0.61
252,329,93,4,3.4,2.1,7.94,0,0.64
253,340,96,2,3.6,3.5,8.61,0,0.65
254,330,114,3,3.1,2.7,7.44,0,0.65
255,292,96,3,1.9,4.3,8.34,1,0.61
256,308,120,2,4.1,3.3,8.5,1,0.63
257,334,109,2,4.4,2.7,8.84,1,0.63
258,304,107,1,2.9,3.5,8.67,0,0.58
259,322,97,3,3.4,4.5,8.84,1,0.6
260,327,111,5,3.3,4.0,8.03,1,0.64
261,301,100,2,3.8,3.7,7.86,0,0.57
262,314,106,2,4.9,2.4,7.91,0,0.61
263,266,120,4,4.4,4.8,8.29,1,0.64
264,300,104,5,3.2,3.0,6.83,1,0.56
265,311,115,5,3.9,4.2,9.03,0,0.69
266,296,99,2,4.5,3.2,8.13,0,0.57
267,339,105,1,3.8,4.2,7.81,1,0.64
268,294,120,4,3.5,4.5,6.33,0,0.57
269,308,99,5,3.9,4.0,8.07,0,0.64
270,317,120,2,2.9,4.1,7.96,1,0.59
271,337,111,5,3.1,3.4,7.47,1,0.68
272,293,100,4,2.6,3.2,7.63,1,0.58
273,332,111,4,3.7,3.6,8.08,0,0.64
274,315,114,3,3.4,3.2,7.69,1,0.64
275,300,111,2,2.8,5.0,8.5,0,0.6
276,322,91,4,3.4,2.7,7.58,0,0.61
277,318,98,3,3.9,4.3,8.21,1,0.6
278,306,103,3,5.0,3.9,8.93,0,0.66
279,316,104,5,4.3,3.7,8.07,0,0.6
280,309,111,5,1.7,4.7,8.35,1,0.63
281,317,107,3,3.7,3.7,8.3,1,0.63
282,325,93,5,4.6,3.0,8.11,1,0.64
283,339,108,4,2.4,3.7,8.05,0,0.67
284,296,110,1,3.9,3.4,7.7,0,0.57
285,340,110,4,3.3,3.9,8.21,1,0.66
286,286,115,3,4.4,4.2,7.9,0,0.65
287,313,113,3,3.8,2.8,9.18,1,0.64
288,324,109,4,2.8,4.5,8.67,1,0.62
289,319,104,5,3.3,3.3,7.08,1,0.56
290,306,90,5,3.4,3.9,7.12,1,0.63
291,312,109,3,3.4,4.0,8.01,1,0.61
292,308,107,2,4.4,3.8,7.82,0,0.57
293,306,107,5,2.8,3.4,7.97,1,0.58
294,328,94,4,4.3,3.1,8.56,0,0.6
295,320,95,5,3.3,3.3,8.32,1,0.65
296,305,114,4,3.7,4.8,8.31,1,0.65
297,328,105,3,3.6,2.8,9.11,1,0.65
298,320,111,5,3.5,2.9,7.13,0,0.6
299,327,105,4,3.5,2.9,8.17,1,0.59
300,324,105,3,4.7,3.6,7.69,1,0.6
301,303,113,2,4.2,2.3,9.1,0,0.6
302,307,100,4,3.2,2.4,6.55,1,0.57
303,326,106,2,4.8,3.3,6.58,1,0.55
304,324,101,2,3.7,2.5,8.31,0,0.59
305,315,101,1,3.8,2.5,8.89,1,0.62
306,317,102,5,2.8,2.5,8.64,1,0.59
307,334,107,4,3.1,2.8,7.54,1,0.61
308,306,101,2,2.9,4.1,9.15,1,0.62
309,323,116,1,3.6,4.3,7.24,1,0.63
310,312,97,3,4.0,5.0,9.02,1,0.61
311,312,103,4,3.8,5.0,7.33,1,0.57
312,331,101,2,4.8,4.1,7.85,1,0.61
313,327,118,5,2.8,4.3,8.55,0,0.61
314,327,107,1,3.6,3.6,7.07,1,0.59
315,335,114,2,2.5,3.9,9.13,1,0.59
316,315,92,5,2.8,5.0,7.85,0,0.59
317,325,107,2,4.5,3.8,8.2,0,0.6
318,310,113,4,3.1,4.4,8.91,1,0.65
319,320,106,4,2.9,2.8,7.54,0,0.58
320,313,115,4,1.8,3.0,8.84,1,0.59
321,316,100,1,2.8,3.7,9.25,1,0.62
322,324,118,4,3.3,3.6,7.64,0,0.62
323,303,120,5,2.4,3.0,9.06,1,0.63
324,340,102,2,3.3,5.0,6.87,1,0.58
325,300,101,3,4.5,3.6,8.37,1,0.6
326,297,118,5,2.9,3.1,7.24,1,0.6
327,332,119,5,2.7,3.6,8.76,1,0.62
328,327,100,4,2.6,3.5,8.7,0,0.62
329,324,101,1,2.6,3.7,9.55,1,0.65
330,324,102,2,3.9,2.2,9.09,0,0.59
331,315,93,1,3.5,4.5,7.98,0,0.59
332,302,97,2,4.3,4.6,7.34,0,0.53
333,316,96,2,5.0,4.7,8.5,0,0.63
334,305,98,1,2.0,3.8,8.06,0,0.56
335,330,105,5,3.8,4.0,9.19,1,0.67
336,313,107,2,2.6,2.8,6.58,1,0.52
337,303,119,1,4.1,4.2,9.63,1,0.65
338,310,96,2,3.3,3.7,8.47,0,0.64
339,321,114,3,3.5,3.1,7.53,0,0.58
340,307,103,5,2.5,4.2,8.61,1,0.61
341,303,105,4,3.2,4.2,9.01,1,0.61
342,319,111,2,3.6,3.5,8.18,1,0.61
343,319,95,3,4.6,3.9,6.86,0,0.59
344,307,108,4,2.9,2.7,7.89,1,0.59
345,308,106,4,3.1,4.5,8.83,0,0.6
346,318,109,2,4.3,2.8,8.45,0,0.57
347,293,108,1,2.8,2.9,7.99,1,0.63
348,294,120,2,4.4,3.5,9.02,1,0.67
349,304,99,3,3.5,4.4,8.62,1,0.64
350,312,100,4,3.7,4.4,8.67,1,0.61
351,320,99,2,3.8,3.5,7.81,1,0.62
352,337,100,1,3.0,4.1,7.74,1,0.63
353,328,99,2,3.8,2.1,6.91,0,0.56
354,313,116,5,2.9,2.9,7.92,1,0.62
355,315,118,1,3.1,2.9,8.75,1,0.66
356,300,100,3,3.9,4.5,7.96,0,0.56
357,315,98,4,3.7,4.0,8.41,0,0.65
358,311,109,2,3.4,3.6,8.88,1,0.62
359,320,100,1,2.5,3.7,8.36,0,0.58
360,303,111,5,2.7,4.8,8.43,1,0.6
361,323,107,1,3.7,3.4,7.15,0,0.56
362,338,91,5,4.1,2.4,7.87,0,0.59
363,313,119,3,2.6,4.4,9.31,0,0.68
364,321,120,4,2.8,3.6,8.17,1,0.64
365,325,99,3,3.6,4.3,9.43,0,0.67
366,309,102,2,3.6,3.5,7.59,1,0.61
367,318,108,1,2.2,2.8,8.26,1,0.61
368,315,108,5,3.6,3.8,7.83,1,0.62
369,316,111,5,3.0,3.5,8.51,1,0.62
370,303,120,1,4.8,3.6,8.73,1,0.62
371,315,103,1,3.7,4.8,8.52,0,0.58
372,322,98,2,3.8,2.6,8.83,0,0.65
373,337,93,3,3.9,3.7,8.09,1,0.58
374,329,98,5,2.5,2.8,7.97,1,0.59
375,340,105,2,5.0,1.4,6.87,1,0.64
376,303,120,3,2.2,3.5,8.55,1,0.63
377,328,100,2,4.1,3.5,8.22,1,0.62
378,318,107,5,4.0,4.0,8.05,0,0.64
379,340,105,1,3.1,3.3,7.97,1,0.58
380,303,116,1,4.0,2.3,8.07,1,0.57
381,302,120,3,3.2,2.8,7.93,1,0.6
382,306,100,4,3.0,4.6,7.73,0,0.58
383,283,101,3,3.9,2.8,8.27,0,0.59
384,307,114,4,2.7,4.8,8.44,0,0.64
385,304,111,2,3.3,4.3,7.56,0,0.62
386,317,120,2,3.0,3.2,7.82,1,0.63
387,320,110,5,3.2,2.9,7.96,1,0.6
388,340,102,4,3.8,4.3,8.1,0,0.62
389,329,110,5,3.0,3.3,8.01,1,0.61
390,306,115,1,3.3,2.3,8.56,0,0.58
391,302,112,4,3.1,3.9,6.94,1,0.55
392,322,110,3,4.7,3.8,7.07,1,0.64
393,295,115,1,3.8,4.4,8.24,1,0.61
394,340,116,1,3.7,3.8,7.68,0,0.61
395,333,117,3,4.0,3.1,8.72,0,0.65
396,308,111,1,3.0,4.5,8.92,1,0.64
397,289,103,4,4.2,4.6,8.26,1,0.64
398,335,106,5,3.8,3.7,7.35,1,0.6
399,313,116,1,2.3,3.5,8.84,1,0.63
400,334,98,4,2.4,2.4,8.24,1,0.6
401,291,108,2,3.0,3.0,7.06,1,0.56
402,306,101,4,2.4,4.1,7.12,1,0.58
403,315,105,5,3.3,3.1,9.16,1,0.64
404,316,117,4,2.7,2.3,9.05,1,0.64
405,308,107,3,3.4,5.0,6.34,1,0.59
406,324,105,5,4.6,2.3,7.15,1,0.59
407,299,93,2,3.5,5.0,8.9,1,0.62
408,313,112,3,3.3,3.3,8.09,1,0.6
409,317,111,4,3.8,3.4,8.59,0,0.7
410,323,120,5,2.9,3.0,8.06,1,0.61
411,326,102,2,4.2,4.1,8.56,1,0.61
412,298,107,3,3.9,2.3,8.1,1,0.63
413,292,107,2,3.5,2.0,7.79,0,0.56
414,334,119,4,3.6,4.8,8.84,0,0.66
415,320,104,2,5.0,2.9,8.24,0,0.62
416,304,108,1,4.3,4.1,8.56,0,0.6
417,338,110,3,5.0,2.6,8.21,1,0.61
418,317,107,2,3.9,4.1,7.76,0,0.58
419,333,101,4,2.3,4.8,9.23,0,0.63
420,316,107,4,3.3,3.1,8.35,1,0.62
421,340,115,2,2.1,2.0,7.85,1,0.59
422,340,96,4,3.9,4.9,8.99,1,0.64
423,311,106,5,4.1,4.2,7.18,0,0.57
424,330,99,5,2.8,3.1,9.67,1,0.66
425,325,116,5,3.0,3.3,7.97,0,0.65
426,336,91,1,3.6,2.6,7.21,1,0.56
427,301,100,2,2.5,4.6,9.43,1,0.61
428,325,108,1,2.5,3.1,7.78,1,0.6
429,331,119,4,4.5,2.4,8.27,1,0.67
430,289,104,1,3.6,3.7,8.6,0,0.64
431,297,100,4,3.1,2.8,8.93,0,0.58
432,284,120,4,2.1,2.7,8.31,1,0.63
433,311,92,3,4.2,3.2,7.65,0,0.59
434,326,85,5,3.0,3.6,8.25,1,0.62
435,338,109,4,5.0,2.4,7.81,0,0.63
436,316,100,3,4.2,4.6,8.27,1,0.61
437,339,96,5,2.9,4.0,9.24,1,0.67
438,294,111,4,2.9,3.2,8.63,1,0.66
439,289,107,4,4.9,2.8,8.24,1,0.65
440,314,100,1,3.4,3.4,8.62,1,0.57
441,321,93,1,3.1,4.2,8.67,0,0.61
442,315,113,5,3.5,4.1,7.35,0,0.56
443,284,111,4,3.1,4.3,8.13,0,0.58
444,314,104,2,3.7,3.1,9.89,1,0.58
445,295,120,1,3.4,1.2,8.95,1,0.63
446,325,95,5,4.2,4.5,7.75,1,0.63
447,320,91,4,3.2,3.4,7.68,1,0.59
448,301,99,4,2.8,4.0,7.65,0,0.57
449,307,105,2,3.2,4.8,8.71,1,0.63
450,299,107,5,3.2,5.0,9.23,1,0.61
451,314,103,4,3.4,3.0,8.51,1,0.6
452,329,108,1,4.0,3.6,8.21,0,0.59
453,300,94,2,4.0,4.6,7.79,1,0.59
454,323,118,5,4.5,2.8,8.33,1,0.62
455,307,104,2,2.9,3.0,7.53,1,0.58
456,303,115,1,3.8,3.0,6.74,1,0.57
457,313,108,5,4.1,3.5,9.25,1,0.67
458,299,109,2,3.0,3.3,7.4,1,0.62
459,307,110,3,3.3,3.0,7.87,0,0.6
460,297,109,1,2.1,2.7,8.56,1,0.61
461,340,111,1,4.2,4.1,9.1,0,0.64
462,316,117,1,3.3,4.6,8.28,0,0.57
463,305,107,3,4.1,4.7,7.26,0,0.58
464,318,111,3,3.7,3.1,7.89,1,0.61
465,313,104,4,3.4,4.2,7.63,1,0.6
466,312,118,2,2.2,3.7,8.07,0,0.61
467,324,99,4,2.4,3.0,8.96,0,0.62
468,326,120,2,1.4,4.1,6.32,1,0.54
469,307,105,3,3.0,3.0,7.81,0,0.59
470,306,92,3,5.0,3.2,7.76,1,0.58
471,311,106,4,2.5,2.4,7.22,1,0.52
472,280,99,5,1.4,3.1,8.51,1,0.57
473,292,113,4,4.3,3.7,7.11,1,0.59
474,336,99,2,5.0,4.8,7.19,1,0.63
475,340,101,4,3.7,3.2,8.7,0,0.57
476,311,88,1,3.7,2.7,9.15,1,0.6
477,324,101,2,3.3,4.7,8.05,1,0.63
478,320,83,2,2.1,3.1,7.25,1,0.59
479,340,91,5,2.3,2.1,7.61,1,0.6
480,332,112,3,3.2,3.6,8.81,1,0.62
481,313,112,2,3.1,3.2,8.18,0,0.64
482,301,109,3,3.4,5.0,8.03,0,0.63
483,291,96,4,4.2,3.9,8.32,0,0.63
484,318,105,1,3.0,3.4,8.07,0,0.59
485,304,105,5,4.2,2.8,9.18,1,0.66
486,294,95,3,3.0,3.8,7.58,1,0.53
487,305,119,2,4.3,4.7,7.5,1,0.63
488,299,113,3,3.6,3.7,7.13,1,0.58
489,340,103,2,3.2,2.8,7.72,0,0.61
490,328,105,3,3.6,3.9,7.34,1,0.58
491,315,107,2,3.3,3.5,8.25,1,0.57
492,337,87,4,3.6,3.9,8.11,0,0.62
493,316,103,2,4.1,3.2,7.34,0,0.6
494,302,99,2,3.4,3.2,8.51,0,0.62
495,338,96,1,3.2,3.2,9.16,1,0.65
496,323,102,2,2.6,4.3,8.35,1,0.63
497,299,120,1,4.0,3.2,6.32,1,0.53
498,312,111,5,3.8,3.1,9.49,1,0.66
499,302,100,1,2.6,2.7,8.62,1,0.58
500,294,110,4,4.2,3.9,9.47,1,0.67
